inputName,size,a[size]
values_11,15,"{107, -38, -13, 118, -29, 23, 102, -74, 8, 92, 12, -17, -6, -27, 1"
values_19,14,"{-18, -12, -75, 72, 105, 9, 108, -33, -89, -24, 127, 14, -73, 52"
values_12,32,"{26, 46, -116, -120, -124, 73, 93, -111, -39, -4, 57, 27, 90, -20, 126, -33, -24, -118, 80, -128, -12, 125, -52, 59, 52, -8, -123, -80, 44, 107, 19, -89"
values_38,24,"{77, 65, -2, 79, -113, -36, -21, -42, 96, 83, 125, 74, 119, 70, 42, 26, -37, -80, -72, 63, 39, 9, -95, -41"
values_81,15,"{50, -85, -28, -103, 53, 61, 70, 55, 115, -98, 18, -37, -15, 64, -95"
values_5,31,"{6, -63, -24, 0, -92, -48, 30, -82, 13, -111, 100, -20, 87, 46, -62, 81, 8, 100, -96, 95, -63, 16, -39, -14, 106, -9, -64, 56, -29, -58, -18"
values_40,9,"{22, -121, 104, 17, -10, 104, -70, -64, 41"
values_70,5,"{115, -122, -79, -41, -4"
values_23,11,"{83, 51, -72, -112, 93, -98, 75, 108, 14, -86, -87"
values_72,11,"{30, -87, 109, 38, 86, 36, -3, -58, -43, 19, 33"
values_79,32,"{-1, -1, -58, -116, 111, 102, -89, 66, -63, -29, -58, -48, -74, -10, 123, -124, -10, -21, 73, 34, -38, 76, -21, 19, -10, -91, 47, 107, -49, -5, 64, 20"
values_78,18,"{119, 64, -65, -119, 55, -114, 120, 93, 44, -110, 11, -82, 112, 12, 85, 19, -106, 93"
values_87,12,"{19, 42, 43, 102, 55, -57, -14, 65, -88, 118, 94, -87"
values_6,16,"{-20, -55, 82, -61, 85, 94, 89, 9, -101, -14, -85, -60, -15, -52, 67, -80"
values_68,14,"{-59, 74, 47, -1, -67, -51, 16, -30, -1, -83, 103, -87, 19, 55"
values_69,32,"{55, -95, -18, -13, 76, -3, -70, -89, -104, -87, 101, 70, -5, 30, -28, 88, 123, -35, 26, 114, 44, -98, 65, 8, 37, -5, -20, -24, -117, -9, 95, -113"
values_1,6,"{35, -25, 54, 122, -67, -107"
values_45,17,"{35, 21, -65, 49, 115, -109, 61, -108, -114, -123, 6, 10, -99, 32, -123, -91, -69"
values_33,5,"{13, -3, -116, -47, -95"
values_15,20,"{-39, 64, 101, -77, 108, 5, -63, -110, 50, 31, 34, -83, -94, 106, 40, 55, 6, 33, -80, -63"
values_93,13,"{-49, -108, -106, 58, -95, -38, 65, 55, -44, 55, 65, -122, -25"
values_24,20,"{-105, 90, -87, -122, 44, 88, 70, -10, -45, 78, 9, -19, 122, -72, 57, -95, 100, 86, 106, -50"
values_25,8,"{-42, -91, -31, -30, -48, -123, 38, -80"
values_26,5,"{52, -84, 94, -66, 112"
values_48,11,"{104, -67, 5, 87, -63, -44, 53, -106, 73, 29, 120"
values_71,25,"{-85, -22, -43, 52, 3, -71, 104, 89, 126, 31, -72, 77, -6, 117, -15, 116, -69, 30, 20, 84, -32, -26, -91, 21, -9"
values_76,8,"{12, 3, -71, 60, -102, 60, 85, 4"
values_7,22,"{71, 0, -20, -28, -59, -99, -103, -39, 67, 85, 69, 93, -125, 127, -61, 105, -96, 37, -55, 84, -53, -70"
values_50,27,"{112, -85, 19, -16, 17, 17, -86, -55, -42, -13, -11, 22, -94, -89, -38, -14, -65, -59, 60, -114, 87, -109, 57, 46, 31, -19, -76"
values_22,23,"{27, 8, 94, 33, -10, 115, 120, -13, 106, -73, -95, -10, -90, 17, -3, -8, -27, -72, -19, 111, -100, 73, -122"
values_4,27,"{74, 2, -71, -30, 73, -48, -26, -50, 116, -63, 125, 78, 50, 74, 39, 113, -56, 79, -31, 109, 4, -6, -4, -11, -17, 26, -127"
values_32,15,"{80, 31, 96, -58, 19, -10, 96, 58, -119, -16, 114, -112, -60, 5, -72"
values_77,18,"{-16, 46, -66, 109, 76, 95, -71, 56, -12, 59, -62, 112, 41, 9, -8, -29, -23, -95"
values_91,25,"{-110, -14, -39, -54, 95, -48, 84, -115, -51, -45, 102, 83, -103, -35, -83, -62, 36, 77, -6, -81, 105, -33, -93, -10, 56"
values_42,27,"{64, -111, -100, 72, -73, 17, -60, 60, 121, -7, 123, -67, -114, 64, 100, 117, -122, -44, 0, 30, -118, -111, 127, -18, 114, -102, -119"
values_13,24,"{-117, -72, 29, -43, 77, -27, 101, 113, 102, -75, 120, 120, -23, 4, -120, -74, -82, -89, 41, -93, 73, -90, -13, 77"
values_41,29,"{84, 76, -1, -79, 72, 29, -102, 47, 127, -92, 56, 18, 112, 68, 104, -34, 7, 19, 111, 1, 10, -8, -73, -38, -71, 97, -75, 13, -1"
values_55,2,"{-94, 31"
values_31,10,"{48, -50, -17, -80, -71, -8, 30, 67, -76, 90"
values_66,13,"{56, 20, -55, 42, -36, -6, 60, -31, 52, 123, -1, 107, -44"
values_65,31,"{-25, 112, -25, 67, 121, -75, -28, -27, 4, 33, -11, 90, -2, 68, -62, -104, 104, -104, 7, -62, 4, 86, 98, -45, 89, 76, -116, -51, 111, 72, -123"
values_62,21,"{-28, 29, 63, 71, -59, -63, 10, -99, -57, -51, 12, 21, -120, 126, 79, 24, -35, 80, -115, -27, 36"
values_21,26,"{-21, 61, -114, -89, 88, -109, -7, 4, 109, -79, -34, 124, -3, -53, -110, -96, 18, -57, -3, -107, -53, -90, 109, 31, 93, -3"
values_95,32,"{-3, 50, 126, 72, -53, 57, 99, 84, 9, 77, -102, 30, -98, -77, -59, 89, 29, -87, -82, -92, -65, 12, 118, -90, -127, 126, 110, -56, -100, 99, 66, 79"
values_84,10,"{1, -125, 6, 0, -23, 99, -64, 92, 56, 17"
values_58,29,"{-91, -120, 1, -56, -27, 67, 76, 84, -45, -11, 72, 115, -106, -7, 83, 64, 5, -52, 33, 30, -68, -118, -92, -6, -67, -78, -13, 23, 116"
values_64,13,"{-39, 109, 51, -9, 42, 43, -14, -27, 91, -26, 81, 96, -42"
values_83,13,"{-100, -5, -17, -76, 45, 94, -45, 18, -41, -113, -123, -124, -78"
values_94,24,"{97, -121, -105, -75, -45, 72, -53, -27, -116, -46, 82, 92, 122, -74, -26, -29, -59, -48, 69, 54, 70, -116, 71, 29"
values_0,7,"{32, -87, -113, -111, -26, -78, 73"
values_99,23,"{39, 70, 67, -122, -25, -112, 22, -60, -98, 50, -35, -87, 125, 113, 67, 62, 104, 7, -35, -53, 80, 65, 123"
values_96,18,"{-43, -26, 31, -56, 114, 15, -114, 30, 42, 84, 17, -50, 55, 33, 3, 118, 22, -113"
values_67,25,"{92, -41, -55, -18, -77, 89, 79, -127, -101, -8, -93, 21, 22, 117, -72, 70, 104, -57, 85, 55, 3, -18, -64, -24, 123"
values_61,3,"{-122, 65, -104"
values_43,6,"{106, 77, 127, 97, -117, 8"
values_2,16,"{-69, 55, 35, 109, 36, -80, -64, 17, -61, 95, -110, 33, 30, 111, -85, 48"
values_54,4,"{-9, 64, -122, -120"
values_30,23,"{22, -70, 22, 51, 44, -114, -6, -74, 52, 102, 112, 30, 47, -54, 97, 113, 123, 93, 55, 41, -22, 2, 55"
values_59,8,"{-120, 76, 40, 50, 26, -14, -94, -71"
values_85,19,"{-6, 59, 78, 114, 112, -17, -10, -44, -99, 65, -51, 6, -15, -53, 99, -95, -10, -115, -82"
values_74,16,"{-42, 3, 33, -48, -103, 87, -25, -83, -37, -83, 112, 7, -86, 127, -38, 62"
values_90,22,"{-23, 22, -80, -57, -50, -111, -1, -74, -48, 74, 111, 126, -119, 21, 13, 73, 15, 31, 41, 88, 122, -89"
values_18,27,"{1, -115, 1, 22, 69, 4, -36, -75, -103, 70, 26, -20, 115, 110, -54, -56, -126, -37, 70, -21, -82, 41, -71, -33, -95, 120, 118"
values_52,10,"{65, -95, 62, -72, 117, -52, -76, -11, 25, -9"
values_44,24,"{-28, -3, 79, 8, -24, -27, -26, 1, -58, -64, -55, -80, -82, 71, 74, 115, 51, -53, 0, 69, -35, 59, 83, -124"
values_17,32,"{-95, 123, 70, -41, -81, -76, 56, -23, -114, 108, 117, -111, 53, -27, -122, 126, 38, -15, 74, -37, -82, -117, 47, 109, -75, 118, -112, -91, -84, 76, -122, 13"
values_36,29,"{117, 112, -48, -39, -29, 65, 28, 91, -9, 41, 32, 70, 113, 13, -2, -80, -123, -117, -33, -76, 25, 18, 60, 50, -35, -2, 26, 13, -116"
values_49,29,"{13, -71, -116, -124, 103, -15, 96, -28, -124, -126, -46, 57, -87, 86, 10, 124, 52, 98, 68, -35, -46, -90, 100, 79, 59, 87, -107, -51, -79"
values_86,11,"{61, 44, 47, 125, 109, 16, -66, -11, -65, -89, 19"
values_37,17,"{90, 82, 122, -115, 37, -103, 74, 11, -113, 29, -16, -121, 26, 27, -113, -57, -21"
values_56,17,"{56, 77, 64, 125, 42, 83, -120, 40, -85, -80, -30, -13, 68, 80, 31, 36, -8"
values_63,9,"{99, -50, 85, 114, -74, 101, -112, -61, 106"
values_35,9,"{63, 1, 69, 78, -24, -76, 5, 11, 42"
values_97,22,"{86, -95, -67, 55, -11, 101, 36, 125, 97, 47, 32, 87, 60, 119, 5, 62, -41, 72, -120, -45, 80, -117"
values_75,21,"{92, -75, 41, 48, -104, -27, 74, 69, -36, 83, -22, 113, -66, -115, -61, -10, -91, 100, -120, 44, -7"
values_57,18,"{95, -111, -57, 87, 103, -103, -102, -104, 61, -53, -92, -106, 56, -94, 5, -33, 113, -5"
values_88,11,"{-92, -31, 8, -25, -14, -107, 4, -28, -54, -50, 62"
values_10,30,"{-116, -46, -1, 14, 94, -7, 43, 82, 19, 87, 123, -94, 8, -94, -46, -75, -22, -51, 57, -11, -40, 52, 62, 49, -75, 92, 117, -52, -75, 96"
values_53,30,"{71, -65, -113, 42, -60, -81, -66, -29, -87, -90, -87, 94, -33, 52, -17, 88, -56, -99, 25, -121, 88, 106, 83, -123, 38, -54, -66, -45, 123, -7"
values_8,32,"{45, 123, 16, 113, -82, 20, 53, -107, 82, -38, -34, 60, -19, -37, 66, -124, 41, 54, 121, -24, -97, 49, -6, -103, -46, 122, -104, 40, -90, 57, 80, -38"
values_39,16,"{-90, 61, -61, -97, 88, 77, -63, -70, -82, -6, -54, -15, -62, -72, -93, -31"
values_47,19,"{-85, 44, -76, -121, 69, -66, 108, -12, 101, -116, -88, -78, 76, -8, 58, -22, -47, 22, 10"
values_60,11,"{37, -105, -113, 79, 54, 119, 29, 1, 39, 37, 38"
values_89,28,"{-42, 86, -74, -70, -20, -41, -118, 29, -83, -87, -101, 31, 59, -12, 36, 50, 24, 17, 52, 67, -38, -39, 86, 35, 108, -50, 27, -13"
values_51,28,"{-83, 21, -95, -48, 82, -1, 36, -21, 100, 38, 90, 74, 35, -74, 96, 107, -32, -18, -2, 4, -60, 31, -16, -24, -14, 104, 61, 102"
values_14,30,"{84, 87, -91, 21, 68, 97, 107, 108, -92, 124, -22, 1, -16, -42, -91, -102, 87, -4, 103, 7, -128, 104, 52, -110, 22, 7, 44, 42, 98, 93"
values_28,16,"{105, -28, 22, -76, 31, -82, 23, -78, -21, -90, -92, -103, 27, 2, 13, -52"
values_16,19,"{121, 2, 26, 32, -101, -25, -63, 114, 73, -1, 90, -45, -103, 99, -25, -51, 103, 106, -33"
values_34,5,"{46, 71, 127, 103, 90"
values_82,19,"{94, 18, 92, 60, -52, 63, -118, 93, 123, 10, 104, -95, -13, 12, 23, 1, 112, -114, -107"
values_46,25,"{-8, 45, -46, -10, -37, 84, -25, -97, 81, -106, 109, -23, -58, 123, 85, -106, -85, 9, 78, -77, 106, 28, -30, 40, -98"
values_27,28,"{42, -13, -92, -61, 113, 64, 110, 36, -126, -97, -46, -23, 109, 64, 56, -119, -109, -85, 41, 61, -99, 87, -51, 70, 47, 87, -86, 42"
values_20,30,"{-52, 80, 72, -22, -80, -109, -18, 10, 104, 99, -97, 127, 56, -62, -84, 98, -4, 96, 30, 10, -56, 66, -123, 104, -6, 39, -41, 84, 67, 30"
values_9,29,"{-48, 4, -122, -77, -99, 102, 94, -79, 23, -12, 82, 71, -10, 84, -97, 57, -32, -123, -21, -23, 75, -38, -75, 89, 77, -6, -71, 96, 91"
values_92,30,"{94, 102, -53, 35, 13, -13, -3, 9, -128, -104, -120, -50, -110, 24, 47, 4, -125, -17, -63, 78, 20, -100, 43, 72, 0, -19, 102, -13, -31, -40"
values_3,25,"{126, -36, 86, -53, -80, -56, 74, 87, 114, 113, -35, 79, -83, 64, 46, 41, -54, 116, -68, 47, 98, 46, -28, 12, -23"
values_98,25,"{66, -50, -16, 118, 104, -31, -80, 90, -9, 100, 63, -19, -76, -100, -128, 39, 45, 96, -107, -126, -103, -43, -96, -45, -17"
values_29,30,"{-116, 123, -42, 96, -90, 108, 16, 113, -121, -75, 68, 119, 114, 1, 75, 58, 64, 72, 95, -108, 43, 62, -9, 108, -51, 113, -9, 39, 111, -58"
values_80,24,"{11, 117, -95, -89, 16, -41, 14, 125, 110, 93, 117, -53, 73, 99, -69, -40, -64, -66, 22, 65, 91, -94, 16, 16"
values_73,19,"{59, -120, -91, -71, 97, -3, -27, -95, 56, -127, -1, 28, -35, -43, -99, -79, 67, -49, -78"
