inputName,text,data,bss
values_11,282,0,17
values_19,282,0,17
values_12,240,0,17
values_38,240,0,17
values_81,282,0,17
values_5,240,0,17
values_40,240,0,17
values_70,282,0,17
values_23,282,0,17
values_72,282,0,17
values_79,282,0,17
values_78,240,0,17
values_87,282,0,17
values_6,240,0,17
values_68,282,0,17
values_69,240,0,17
values_1,282,0,17
values_45,240,0,17
values_33,240,0,17
values_15,282,0,17
values_93,240,0,17
values_24,282,0,17
values_25,282,0,17
values_26,282,0,17
values_48,240,0,17
values_71,240,0,17
values_76,232,0,17
values_7,232,0,17
values_50,282,0,17
values_22,282,0,17
values_4,240,0,17
values_32,240,0,17
values_77,240,0,17
values_91,240,0,17
values_42,282,0,17
values_13,282,0,17
values_41,240,0,17
values_55,240,0,17
values_31,240,0,17
values_66,282,0,17
values_65,282,0,17
values_62,240,0,17
values_21,240,0,17
values_95,282,0,17
values_84,282,0,17
values_58,240,0,17
values_64,282,0,17
values_83,282,0,17
values_94,282,0,17
values_0,240,0,17
values_99,282,0,17
values_96,240,0,17
values_67,282,0,17
values_61,240,0,17
values_43,282,0,17
values_2,240,0,17
values_54,282,0,17
values_30,240,0,17
values_59,282,0,17
values_85,232,0,17
values_74,240,0,17
values_90,240,0,17
values_18,282,0,17
values_52,240,0,17
values_44,282,0,17
values_17,282,0,17
values_36,240,0,17
values_49,240,0,17
values_86,282,0,17
values_37,240,0,17
values_56,282,0,17
values_63,282,0,17
values_35,282,0,17
values_97,282,0,17
values_75,240,0,17
values_57,282,0,17
values_88,282,0,17
values_10,240,0,17
values_53,282,0,17
values_8,240,0,17
values_39,240,0,17
values_47,240,0,17
values_60,282,0,17
values_89,282,0,17
values_51,240,0,17
values_14,240,0,17
values_28,232,0,17
values_16,282,0,17
values_34,240,0,17
values_82,282,0,17
values_46,240,0,17
values_27,282,0,17
values_20,240,0,17
values_9,282,0,17
values_92,240,0,17
values_3,282,0,17
values_98,240,0,17
values_29,240,0,17
values_80,282,0,17
values_73,282,0,17
